<?xml version="1.0" encoding="UTF-8"?>
<beans xmlns="http://www.springframework.org/schema/beans"
  xmlns:xsi="http://www.w3.org/2001/XMLSchema-instance"
  xsi:schemaLocation="http://www.springframework.org/schema/beans http://www.springframework.org/schema/beans/spring-beans.xsd">

  <bean id="beverage" class="cfg.cafe.com.Beverages">
        <property name="name" value="Cappuccino" />
    </bean>

    <bean id="customer" class="cfg.cafe.com.Customer">
        <property name="customerId" value="101" />
        <property name="customerName" value="Bhagath" />
        <property name="beverage" ref="beverage" />
    </bean>

</beans>