<?xml version="1.0" encoding="UTF-8"?>
<beans xmlns="http://www.springframework.org/schema/beans"
	xmlns:xsi="http://www.w3.org/2001/XMLSchema-instance"
	xsi:schemaLocation="http://www.springframework.org/schema/beans http://www.springframework.org/schema/beans/spring-beans.xsd">
	
	<bean id="com" class="cfg.sp.super_market_xml.Company">
		<property name="id" value="10"/>
		<property name="name" value="Parle"/>
	</bean>

	<bean id="pro" class="cfg.sp.super_market_xml.Product">
		<property name="product_id" value="01"/>
		<property name="product_name" value="Parle-G"/>
		
		<property name="company" ref="com"/>
	</bean>

</beans>